X,Y,month,month_num,day,day_num,temp,wind,rain,RH,FFMC,DMC,DC,ISI,area,log_burned_area,burn_units
2,4,jan,1,sat,6,5.3,3.1,0.0,78,82.1,3.7,9.3,2.9,0.0,0.0,Low Burn
4,5,jan,1,sun,7,5.2,0.9,0.0,100,18.7,1.1,171.4,0.0,0.0,0.0,Low Burn
3,4,feb,2,sat,6,12.7,1.8,0.0,48,83.9,8.0,30.2,2.6,0.0,0.0,Low Burn
2,2,feb,2,fri,5,12.3,0.9,0.0,51,86.6,13.2,43.0,5.3,0.0,0.0,Low Burn
7,4,feb,2,sun,7,8.8,2.2,0.0,68,83.9,8.7,32.1,2.1,13.05,2.642622395779755,High Burn
9,9,feb,2,fri,5,15.7,3.1,0.0,43,86.6,13.2,43.0,5.3,0.0,0.0,Low Burn
9,9,feb,2,thu,4,6.7,3.1,0.0,79,84.2,6.8,26.6,7.7,0.0,0.0,Low Burn
5,4,feb,2,sun,7,12.4,2.2,0.0,53,86.8,15.6,48.3,3.9,6.38,1.998773638612381,High Burn
5,4,feb,2,fri,5,7.5,8.0,0.0,46,85.2,4.9,15.8,6.3,24.24,3.228430037673012,High Burn
4,6,feb,2,sat,6,15.4,2.7,0.0,40,68.2,21.5,87.2,0.8,0.0,0.0,Low Burn
7,4,feb,2,fri,5,8.2,9.4,0.0,53,84.6,3.2,43.6,3.3,4.62,1.7263316639055997,High Burn
6,3,feb,2,fri,5,14.7,2.7,0.0,42,84.1,7.3,52.8,2.7,0.0,0.0,Low Burn
3,4,feb,2,wed,3,8.8,3.1,0.0,35,86.9,6.6,18.7,3.2,1.1,0.7419373447293773,Low Burn
6,3,feb,2,sun,7,4.2,4.0,0.0,51,84.9,27.5,353.5,3.4,0.0,0.0,Low Burn
2,2,feb,2,mon,1,13.9,5.4,0.0,40,84.0,9.3,34.0,2.1,0.0,0.0,Low Burn
4,5,feb,2,sat,6,14.2,4.0,0.0,46,84.7,8.2,55.0,2.9,0.0,0.0,Low Burn
7,4,feb,2,mon,1,7.5,6.3,0.0,71,84.7,9.5,58.3,4.1,9.96,2.3942522815198695,High Burn
6,4,feb,2,tue,2,5.1,5.4,0.0,77,75.1,4.4,16.2,1.9,2.14,1.144222799920162,High Burn
6,5,feb,2,mon,1,5.3,1.8,0.0,68,84.1,4.6,46.7,2.2,0.0,0.0,Low Burn
2,2,feb,2,sat,6,4.6,0.9,0.0,59,79.5,3.6,15.3,1.8,6.84,2.0592388343623163,High Burn
4,5,feb,2,sun,7,10.1,1.8,0.0,62,85.0,9.0,56.9,3.5,51.78,3.966132331075178,High Burn
6,5,feb,2,tue,2,4.6,6.3,0.0,82,75.1,4.4,16.2,1.9,5.39,1.8547342683894434,High Burn
3,4,mar,3,sat,6,17.4,5.4,0.0,24,69.0,2.4,15.5,0.7,0.0,0.0,Low Burn
4,5,mar,3,fri,5,15.8,7.6,0.0,27,91.2,48.3,97.8,12.5,0.0,0.0,Low Burn
4,5,mar,3,fri,5,17.2,4.5,0.0,26,91.7,33.3,77.5,9.0,0.0,0.0,Low Burn
1,3,mar,3,mon,1,8.3,3.1,0.0,72,87.6,52.2,103.8,5.0,0.0,0.0,Low Burn
5,6,mar,3,sat,6,15.1,4.0,0.0,64,90.6,50.1,100.4,7.8,13.99,2.7073833121145063,High Burn
6,5,mar,3,mon,1,10.2,5.8,0.0,45,87.2,15.1,36.9,7.1,3.18,1.430311246536665,High Burn
6,5,mar,3,sun,7,12.4,3.6,0.0,54,90.1,37.6,83.7,7.2,12.1,2.5726122302071057,High Burn
3,4,mar,3,wed,3,8.9,8.0,0.0,35,93.4,17.3,28.3,9.9,0.0,0.0,Low Burn
6,5,mar,3,sat,6,17.4,4.9,0.0,25,91.7,35.8,80.8,7.8,0.0,0.0,Low Burn
3,4,mar,3,wed,3,11.2,5.4,0.0,41,90.2,18.5,41.1,7.3,5.55,1.8794650496471605,High Burn
8,6,mar,3,fri,5,17.4,5.4,0.0,24,91.7,35.8,80.8,7.8,0.0,0.0,Low Burn
5,4,mar,3,fri,5,15.6,6.3,0.0,25,91.7,33.3,77.5,9.0,0.0,0.0,Low Burn
7,5,mar,3,fri,5,8.2,6.7,0.0,51,86.2,26.2,94.3,5.1,0.0,0.0,Low Burn
6,4,mar,3,sat,6,13.3,0.9,0.0,42,90.8,41.9,89.4,7.9,7.4,2.128231705849268,High Burn
4,5,mar,3,fri,5,12.7,6.3,0.0,52,85.9,19.5,57.3,2.8,0.0,0.0,Low Burn
6,5,mar,3,fri,5,14.6,9.4,0.0,26,91.2,48.3,97.8,12.5,2.53,1.2612978709452054,High Burn
6,3,mar,3,sat,6,15.2,8.5,0.0,31,90.6,50.1,100.4,7.8,1.94,1.0784095813505903,High Burn
5,5,mar,3,thu,4,11.6,5.4,0.0,48,90.9,18.9,30.6,8.0,0.0,0.0,Low Burn
7,4,mar,3,mon,1,16.1,3.1,0.0,29,90.1,39.7,86.6,6.2,1.75,1.0116009116784799,High Burn
2,4,mar,3,tue,2,15.2,7.6,0.0,19,93.4,15.0,25.6,11.4,0.0,0.0,Low Burn
6,5,mar,3,thu,4,8.7,5.8,0.0,51,90.9,18.9,30.6,8.0,0.0,0.0,Low Burn
5,4,mar,3,mon,1,13.2,5.4,0.0,40,90.1,39.7,86.6,6.2,0.95,0.6678293725756554,Low Burn
3,5,mar,3,tue,2,14.9,2.7,0.0,38,88.1,25.7,67.6,3.8,0.0,0.0,Low Burn
4,6,mar,3,sun,7,10.6,4.9,0.0,46,89.3,51.3,102.2,9.6,0.0,0.0,Low Burn
4,6,mar,3,mon,1,14.0,3.1,0.0,39,87.2,23.9,64.7,4.1,0.0,0.0,Low Burn
6,5,mar,3,fri,5,11.7,4.0,0.0,33,91.2,48.3,97.8,12.5,8.31,2.231089091288976,High Burn
6,5,mar,3,wed,3,13.8,5.8,0.0,24,93.4,17.3,28.3,9.9,0.0,0.0,Low Burn
3,4,mar,3,mon,1,10.6,4.0,0.0,30,90.1,39.7,86.6,6.2,0.0,0.0,Low Burn
3,4,mar,3,sat,6,15.2,4.9,0.0,27,91.7,35.8,80.8,7.8,0.0,0.0,Low Burn
3,4,mar,3,sat,6,11.6,6.3,0.0,30,91.7,35.8,80.8,7.8,0.0,0.0,Low Burn
3,5,mar,3,tue,2,15.5,6.3,0.0,27,88.1,25.7,67.6,3.8,0.0,0.0,Low Burn
3,4,mar,3,tue,2,15.8,7.6,0.0,27,88.1,25.7,67.6,3.8,0.0,0.0,Low Burn
8,6,mar,3,sun,7,11.5,5.8,0.0,39,89.3,51.3,102.2,9.6,7.19,2.1029138978649784,High Burn
3,4,mar,3,fri,5,18.8,4.5,0.0,18,91.7,33.3,77.5,9.0,0.0,0.0,Low Burn
4,4,mar,3,fri,5,13.7,5.8,0.0,43,85.9,19.5,57.3,2.8,0.0,0.0,Low Burn
7,4,mar,3,sun,7,11.5,4.0,0.0,60,90.7,44.0,92.4,5.5,8.24,2.2235418856535927,High Burn
4,5,mar,3,thu,4,18.2,3.1,0.0,29,91.4,30.7,74.3,7.5,0.0,0.0,Low Burn
3,5,mar,3,mon,1,9.0,2.2,0.0,49,87.6,52.2,103.8,5.0,0.0,0.0,Low Burn
6,5,mar,3,thu,4,13.3,3.6,0.0,27,91.3,20.6,43.5,8.5,6.61,2.0294631718735947,High Burn
6,5,mar,3,thu,4,5.3,4.5,0.0,70,84.9,18.2,55.0,3.0,2.14,1.144222799920162,High Burn
2,2,mar,3,sun,7,11.5,5.8,0.0,39,89.3,51.3,102.2,9.6,0.0,0.0,Low Burn
4,4,mar,3,tue,2,14.1,2.7,0.0,43,88.1,25.7,67.6,3.8,0.0,0.0,Low Burn
6,5,mar,3,mon,1,15.2,3.1,0.0,27,90.1,39.7,86.6,6.2,31.86,3.492256112609122,High Burn
4,4,mar,3,sat,6,17.0,4.9,0.0,27,91.7,35.8,80.8,7.8,28.66,3.389799336709786,High Burn
6,4,mar,3,wed,3,15.9,4.0,0.0,35,89.2,27.9,70.8,6.3,0.0,0.0,Low Burn
5,5,mar,3,sat,6,15.1,5.4,0.0,27,91.7,35.8,80.8,7.8,0.0,0.0,Low Burn
4,4,mar,3,sat,6,17.0,4.9,0.0,27,91.7,35.8,80.8,7.8,28.66,3.389799336709786,High Burn
4,3,mar,3,mon,1,11.0,5.8,0.0,46,87.6,52.2,103.8,5.0,36.85,3.6336309798834576,High Burn
4,4,mar,3,mon,1,11.8,1.8,0.0,35,87.2,23.9,64.7,4.1,0.0,0.0,Low Burn
2,2,mar,3,sun,7,5.5,6.3,0.0,59,89.3,51.3,102.2,9.6,0.0,0.0,Low Burn
8,6,mar,3,sun,7,11.4,1.8,0.0,99,89.3,51.3,102.2,9.6,0.0,0.0,Low Burn
8,6,mar,3,fri,5,8.3,4.0,0.2,97,91.7,33.3,77.5,9.0,0.0,0.0,Low Burn
7,3,mar,3,mon,1,11.0,5.8,0.0,46,87.6,52.2,103.8,5.0,27.35,3.3446270301737613,High Burn
4,4,mar,3,mon,1,11.0,5.8,0.0,46,87.6,52.2,103.8,5.0,0.0,0.0,Low Burn
7,5,apr,4,sun,7,13.4,1.8,0.0,75,81.9,3.0,7.9,3.5,0.0,0.0,Low Burn
6,3,apr,4,wed,3,15.2,2.7,0.0,51,88.0,17.2,43.5,3.8,0.0,0.0,Low Burn
6,5,apr,4,mon,1,10.9,3.1,0.0,64,87.9,24.9,41.6,3.7,3.35,1.4701758451005926,High Burn
4,4,apr,4,fri,5,16.7,3.1,0.0,20,83.0,23.3,85.3,2.3,0.0,0.0,Low Burn
6,5,apr,4,thu,4,5.8,5.8,0.0,54,81.5,9.1,55.2,2.7,4.61,1.724550719534605,High Burn
6,4,apr,4,sat,6,9.3,4.5,0.0,44,86.3,27.4,97.1,5.1,0.0,0.0,Low Burn
5,4,apr,4,sun,7,17.6,5.8,0.0,27,91.0,14.6,25.6,12.3,0.0,0.0,Low Burn
6,3,apr,4,sun,7,13.7,9.4,0.0,33,91.0,14.6,25.6,12.3,61.13,4.129228964075603,High Burn
6,5,apr,4,thu,4,5.8,5.8,0.0,54,81.5,9.1,55.2,2.7,10.93,2.4790562361098245,High Burn
6,5,may,5,sat,6,11.3,4.9,0.0,94,85.1,28.0,113.8,3.5,0.0,0.0,Low Burn
4,3,may,5,fri,5,18.0,4.0,0.0,40,89.6,25.4,73.7,5.7,38.48,3.675794214565281,High Burn
6,5,jun,6,mon,1,20.7,4.9,0.0,25,90.4,93.3,298.1,7.5,0.0,0.0,Low Burn
6,5,jun,6,mon,1,19.1,5.4,0.0,39,90.4,93.3,298.1,7.5,3.52,1.5085119938441398,High Burn
8,6,jun,6,wed,3,19.6,4.9,0.0,43,91.2,147.8,377.2,12.7,0.0,0.0,Low Burn
3,6,jun,6,fri,5,19.2,4.5,0.0,38,91.1,94.1,232.1,7.1,0.0,0.0,Low Burn
3,6,jun,6,fri,5,19.2,4.5,0.0,38,91.1,94.1,232.1,7.1,0.0,0.0,Low Burn
9,5,jun,6,wed,3,28.0,4.5,0.0,34,93.3,49.5,297.7,14.0,8.16,2.214846178686039,High Burn
8,6,jun,6,sun,7,15.4,2.2,0.0,45,90.4,89.5,290.8,6.4,0.0,0.0,Low Burn
9,5,jun,6,wed,3,28.0,4.5,0.0,34,93.3,49.5,297.7,14.0,0.0,0.0,Low Burn
6,5,jun,6,fri,5,23.2,5.4,0.0,39,92.5,56.4,433.3,7.1,1.19,0.7839015438284094,Low Burn
6,4,jun,6,sun,7,14.3,1.8,0.0,46,90.4,89.5,290.8,6.4,0.9,0.6418538861723948,Low Burn
7,4,jun,6,sun,7,21.0,4.5,0.0,44,94.3,96.3,200.0,56.1,0.0,0.0,Low Burn
7,5,jun,6,sun,7,22.2,1.3,0.0,48,93.1,180.4,430.8,11.0,0.0,0.0,Low Burn
6,5,jun,6,sat,6,10.6,2.7,0.0,90,53.4,71.0,233.8,0.4,0.0,0.0,Low Burn
8,3,jun,6,mon,1,14.3,4.0,0.0,79,88.2,96.2,229.0,4.7,1.94,1.0784095813505903,High Burn
9,4,jun,6,sat,6,24.5,3.1,0.0,50,90.5,61.1,252.6,9.4,70.32,4.267176792994939,High Burn
4,3,jun,6,thu,4,26.4,2.7,0.0,35,93.0,103.8,316.7,10.8,10.08,2.405141681319138,High Burn
2,5,jun,6,thu,4,22.7,9.4,0.0,40,93.7,121.7,350.2,18.0,3.19,1.4327007339340463,High Burn
2,5,jul,7,sat,6,23.8,1.8,0.0,51,90.8,84.7,376.6,5.6,0.0,0.0,Low Burn
7,4,jul,7,sat,6,22.1,2.7,0.0,49,91.6,104.2,474.9,9.0,0.0,0.0,Low Burn
6,3,jul,7,tue,2,26.3,3.1,0.0,39,92.7,164.1,575.8,8.9,7.02,2.081938421878423,High Burn
3,4,jul,7,wed,3,14.2,4.0,0.0,58,91.9,133.6,520.5,8.0,0.0,0.0,Low Burn
7,6,jul,7,wed,3,12.6,7.6,0.2,90,91.2,183.1,437.7,12.5,0.0,0.0,Low Burn
8,6,jul,7,tue,2,17.1,3.6,0.0,67,92.3,88.8,440.9,8.5,6.57,2.0241930674493576,High Burn
7,4,jul,7,sun,7,18.2,4.5,0.0,82,93.7,101.3,423.4,14.7,2.21,1.1662709371419244,High Burn
9,4,jul,7,mon,1,22.8,4.5,0.0,27,92.3,92.1,442.1,9.8,1.63,0.9669838461896731,High Burn
9,9,jul,7,tue,2,18.0,2.7,0.0,42,85.8,48.3,313.4,3.9,0.36,0.3074846997479606,Low Burn
4,3,jul,7,sun,7,26.1,4.0,0.0,45,93.7,101.3,423.4,14.7,7.36,2.1234584270966104,High Burn
1,2,jul,7,sat,6,16.6,5.4,0.0,53,90.0,51.3,296.3,8.7,0.71,0.5364933705145685,Low Burn
3,4,jul,7,mon,1,17.9,2.7,0.0,48,94.6,160.0,567.2,16.7,0.0,0.0,Low Burn
2,5,jul,7,sun,7,23.4,6.3,0.0,40,93.9,169.7,411.8,12.3,0.0,0.0,Low Burn
6,6,jul,7,mon,1,23.0,3.1,0.0,36,94.2,62.3,442.9,11.0,0.0,0.0,Low Burn
9,9,jul,7,sun,7,24.8,2.2,0.0,29,90.1,68.6,355.2,7.2,1.36,0.8586616190375187,Low Burn
3,4,jul,7,sat,6,24.6,1.8,0.0,43,90.1,51.2,424.1,6.2,1.43,0.8878912573524571,Low Burn
4,3,jul,7,thu,4,27.2,1.3,0.0,28,93.5,85.3,395.0,9.9,1.76,1.0152306797290584,High Burn
5,4,jul,7,wed,3,19.3,7.2,0.0,39,93.7,101.3,458.8,11.9,7.73,2.166765369851511,High Burn
1,4,jul,7,tue,2,23.4,5.4,0.0,31,92.3,96.2,450.2,12.1,0.0,0.0,Low Burn
9,9,jul,7,thu,4,30.2,4.5,0.0,25,93.2,114.4,560.0,9.5,2.75,1.3217558399823195,High Burn
7,4,jul,7,mon,1,22.6,4.9,0.0,57,89.2,103.9,431.6,6.4,278.53,5.633109621361155,High Burn
7,4,jul,7,sat,6,24.2,1.8,0.0,32,91.6,104.2,474.9,9.0,0.0,0.0,Low Burn
9,4,jul,7,sat,6,25.3,0.9,0.0,39,91.6,104.2,474.9,9.0,8.0,2.1972245773362196,High Burn
2,2,jul,7,fri,5,13.4,3.6,0.0,79,88.3,150.3,309.9,6.8,37.02,3.6381123370602833,High Burn
4,5,jul,7,fri,5,22.9,1.3,0.0,40,91.6,100.2,466.3,6.3,2.64,1.2919836816486494,High Burn
2,5,jul,7,sat,6,18.7,1.8,0.0,53,91.6,104.2,474.9,9.0,0.0,0.0,Low Burn
1,2,jul,7,fri,5,14.8,8.0,0.0,78,90.7,80.9,368.3,16.8,0.0,0.0,Low Burn
4,4,jul,7,tue,2,23.3,3.1,0.0,37,79.5,60.6,366.7,1.5,0.0,0.0,Low Burn
7,4,jul,7,sat,6,24.3,1.8,0.0,30,91.6,104.2,474.9,9.0,0.0,0.0,Low Burn
4,3,jul,7,thu,4,30.2,4.9,0.0,22,93.2,114.4,560.0,9.5,0.0,0.0,Low Burn
8,6,jul,7,sun,7,29.3,3.6,0.0,27,88.9,263.1,795.9,5.2,6.3,1.9878743481543455,High Burn
7,6,jul,7,tue,2,26.9,5.4,0.0,28,93.1,180.4,430.8,11.0,86.45,4.471067201464611,High Burn
8,6,aug,8,thu,4,16.2,2.7,0.0,63,90.7,194.1,643.0,6.8,16.33,2.8524391037275145,High Burn
8,6,aug,8,tue,2,20.1,4.5,0.0,58,92.1,152.6,658.2,14.3,9.27,2.329227023940467,High Burn
2,2,aug,8,tue,2,21.8,3.1,0.0,56,92.1,152.6,658.2,14.3,0.52,0.41871033485818504,Low Burn
6,5,aug,8,tue,2,19.4,4.0,0.0,55,94.3,131.7,607.1,22.7,0.17,0.15700374880966478,Low Burn
3,4,aug,8,tue,2,21.0,3.1,0.0,32,92.1,152.6,658.2,14.3,0.0,0.0,Low Burn
8,5,aug,8,wed,3,24.0,3.1,0.0,36,93.1,157.3,666.7,13.5,0.24,0.2151113796169455,Low Burn
6,5,aug,8,wed,3,22.1,3.6,0.0,37,93.1,157.3,666.7,13.5,0.21,0.19062035960864973,Low Burn
8,5,aug,8,wed,3,26.8,3.1,0.0,25,93.1,157.3,666.7,13.5,0.68,0.5187937934151675,Low Burn
2,2,aug,8,tue,2,23.7,3.1,0.0,24,92.1,152.6,658.2,14.3,0.0,0.0,Low Burn
3,4,aug,8,wed,3,21.7,0.4,0.0,40,93.1,157.3,666.7,13.5,2.47,1.244154593958768,High Burn
7,4,aug,8,thu,4,21.4,2.7,0.0,38,91.9,109.2,565.5,8.0,1.52,0.9242589015233319,High Burn
4,4,aug,8,tue,2,19.1,2.7,0.0,53,92.1,152.6,658.2,14.3,4.4,1.6863989535702288,High Burn
3,4,aug,8,fri,5,11.2,7.6,0.0,84,91.6,112.4,573.0,8.9,3.3,1.4586150226995167,High Burn
8,6,aug,8,wed,3,28.2,1.8,0.0,29,95.2,217.7,690.0,18.0,5.86,1.925707441737794,High Burn
2,4,aug,8,mon,1,28.3,4.0,0.0,32,93.6,97.9,542.0,14.4,8.85,2.2874714551839976,High Burn
2,5,aug,8,tue,2,20.2,4.0,0.0,47,92.1,152.6,658.2,14.3,3.09,1.4085449700547104,High Burn
7,4,aug,8,sat,6,23.7,1.8,0.0,40,91.8,170.9,692.3,13.7,1.38,0.8671004876833833,Low Burn
2,4,aug,8,fri,5,21.4,3.1,0.0,42,91.6,112.4,573.0,8.9,4.25,1.6582280766035324,High Burn
4,5,aug,8,sun,7,10.4,0.9,0.0,75,92.0,203.2,664.5,8.1,0.0,0.0,Low Burn
1,4,aug,8,sat,6,25.6,4.0,0.0,42,94.4,146.0,614.7,11.3,0.0,0.0,Low Burn
6,3,aug,8,thu,4,18.9,3.1,0.0,41,91.6,138.1,621.7,6.3,10.34,2.428336298299606,High Burn
6,3,aug,8,fri,5,19.3,3.6,0.0,39,91.1,141.1,629.1,7.1,1.56,0.9400072584914712,High Burn
4,3,aug,8,sat,6,21.4,2.7,0.0,44,94.2,117.2,581.1,11.0,0.68,0.5187937934151675,Low Burn
4,4,aug,8,tue,2,22.1,7.6,0.0,54,93.7,102.2,550.3,14.6,0.79,0.5822156198526637,Low Burn
8,6,aug,8,sat,6,23.9,2.2,0.0,41,94.2,117.2,581.1,11.0,8.02,2.199444334074532,High Burn
2,5,aug,8,thu,4,22.3,4.0,0.0,46,87.5,77.0,694.8,5.0,0.0,0.0,Low Burn
5,4,aug,8,thu,4,20.3,2.7,0.0,42,94.8,222.4,698.6,13.9,0.0,0.0,Low Burn
8,6,aug,8,mon,1,21.1,2.2,0.0,54,92.1,207.0,672.6,8.2,0.0,0.0,Low Burn
4,4,aug,8,fri,5,21.8,3.1,0.0,53,94.3,167.6,684.4,13.0,6.54,2.020222182019865,High Burn
2,2,aug,8,sat,6,21.9,2.2,0.0,42,93.7,231.1,715.1,8.4,174.63,5.168379509433644,High Burn
2,4,aug,8,wed,3,30.8,4.5,0.0,19,95.2,217.7,690.0,18.0,0.0,0.0,Low Burn
8,4,aug,8,sat,6,21.3,4.5,0.0,44,91.6,273.8,819.1,7.7,12.18,2.578700529074361,High Burn
6,6,aug,8,sat,6,30.8,4.9,0.0,30,96.0,164.0,643.0,14.0,8.59,2.2607208888953467,High Burn
1,3,aug,8,fri,5,27.5,4.5,0.0,29,95.9,158.0,633.6,11.3,43.32,3.7914360424390283,High Burn
1,3,aug,8,fri,5,32.4,2.2,0.0,27,95.9,158.0,633.6,11.3,0.0,0.0,Low Burn
4,4,aug,8,thu,4,32.4,4.5,0.0,21,95.8,152.0,624.1,13.8,0.0,0.0,Low Burn
4,4,aug,8,wed,3,28.7,4.0,0.0,33,95.1,141.3,605.8,17.7,0.0,0.0,Low Burn
4,4,aug,8,wed,3,20.6,1.3,0.0,58,95.1,141.3,605.8,17.7,0.0,0.0,Low Burn
4,4,aug,8,tue,2,19.4,7.6,0.0,71,95.1,141.3,605.8,17.7,46.7,3.8649313978942956,High Burn
6,6,aug,8,mon,1,23.9,2.2,0.0,42,96.2,175.5,661.8,16.8,0.0,0.0,Low Burn
5,4,aug,8,tue,2,26.4,3.6,0.0,34,95.1,141.3,605.8,17.7,16.4,2.856470206220483,High Burn
2,4,aug,8,mon,1,30.6,3.6,0.0,28,95.0,135.5,596.3,21.3,2.07,1.1216775615991057,High Burn
2,5,aug,8,sun,7,33.1,4.0,0.0,25,94.9,130.3,587.1,14.1,26.43,3.311637304949512,High Burn
8,6,aug,8,sun,7,31.0,5.4,0.0,27,94.9,130.3,587.1,14.1,0.0,0.0,Low Burn
3,4,aug,8,sun,7,23.4,5.8,0.0,40,94.9,130.3,587.1,14.1,1.29,0.8285518175661483,Low Burn
8,6,aug,8,sat,6,18.9,4.9,0.0,64,93.7,231.1,715.1,8.4,0.0,0.0,Low Burn
2,5,aug,8,sat,6,18.9,4.9,0.0,64,93.7,231.1,715.1,8.4,0.0,0.0,Low Burn
7,4,aug,8,sat,6,15.5,8.0,0.0,72,91.6,273.8,819.1,7.7,1.94,1.0784095813505903,High Burn
5,4,aug,8,tue,2,24.1,6.3,0.0,43,95.1,141.3,605.8,17.7,2.0,1.0986122886681098,High Burn
8,6,aug,8,sat,6,18.9,4.9,0.0,64,93.7,231.1,715.1,8.4,3.32,1.463255402256019,High Burn
4,5,aug,8,mon,1,32.6,3.1,0.0,26,96.2,175.5,661.8,16.8,2.77,1.3270750014599193,High Burn
6,5,aug,8,tue,2,33.3,2.7,0.0,26,96.1,181.1,671.2,14.3,40.54,3.726656818447966,High Burn
7,4,aug,8,sun,7,21.2,6.7,0.0,70,81.6,56.7,665.6,1.9,11.16,2.498151876538021,High Burn
2,4,aug,8,sun,7,21.9,5.8,0.0,71,81.6,56.7,665.6,1.9,54.29,4.012592060349841,High Burn
4,3,aug,8,sun,7,27.8,2.7,0.0,32,81.6,56.7,665.6,1.9,6.44,2.0068708488450007,High Burn
8,6,aug,8,sun,7,27.8,2.7,0.0,35,81.6,56.7,665.6,1.9,0.0,0.0,Low Burn
6,5,aug,8,fri,5,18.2,5.4,0.0,62,91.0,166.9,752.6,7.1,0.43,0.35767444427181594,Low Burn
5,4,aug,8,fri,5,21.1,7.6,1.4,71,91.0,166.9,752.6,7.1,2.17,1.1537315878891892,High Burn
1,2,aug,8,fri,5,25.9,3.6,0.0,41,91.0,166.9,752.6,7.1,0.0,0.0,Low Burn
3,4,aug,8,tue,2,32.3,2.2,0.0,27,96.1,181.1,671.2,14.3,14.68,2.7523860149222616,High Burn
2,4,aug,8,fri,5,25.9,3.6,0.0,41,91.0,166.9,752.6,7.1,0.0,0.0,Low Burn
1,2,aug,8,thu,4,26.7,1.8,0.0,35,91.0,163.2,744.4,10.1,5.8,1.916922612182061,High Burn
4,3,aug,8,wed,3,28.9,4.9,0.0,29,94.5,139.4,689.1,20.0,49.59,3.923753928303845,High Burn
2,4,aug,8,wed,3,29.2,4.9,0.0,30,94.5,139.4,689.1,20.0,1.95,1.0818051703517284,High Burn
4,4,aug,8,tue,2,20.7,4.9,0.4,69,96.1,181.1,671.2,14.3,0.0,0.0,Low Burn
7,5,aug,8,tue,2,21.6,4.9,0.8,65,96.1,181.1,671.2,14.3,0.0,0.0,Low Burn
8,6,aug,8,tue,2,21.6,4.9,0.8,65,96.1,181.1,671.2,14.3,0.0,0.0,Low Burn
7,5,aug,8,tue,2,27.3,4.9,6.4,63,96.1,181.1,671.2,14.3,10.82,2.469793011977952,High Burn
1,2,aug,8,fri,5,18.5,8.5,0.0,73,91.0,166.9,752.6,7.1,0.0,0.0,Low Burn
9,6,aug,8,thu,4,20.5,2.7,0.0,58,91.6,248.4,753.8,6.3,42.87,3.7812307151781224,High Burn
1,4,aug,8,wed,3,19.9,4.0,0.0,50,91.7,191.4,635.9,7.8,82.75,4.427836170705175,High Burn
3,4,aug,8,thu,4,16.8,3.1,0.0,56,91.6,248.4,753.8,6.3,0.0,0.0,Low Burn
8,6,aug,8,sat,6,26.9,3.6,0.0,31,93.7,231.1,715.1,8.4,4.96,1.7850704810772584,High Burn
8,6,aug,8,wed,3,28.7,2.7,0.0,28,93.1,157.3,666.7,13.5,0.0,0.0,Low Burn
8,8,aug,8,wed,3,26.2,4.5,0.0,36,91.7,191.4,635.9,7.8,185.76,5.229824370102736,High Burn
2,5,aug,8,sun,7,24.8,4.0,0.0,36,91.6,181.3,613.0,7.6,3.05,1.3987168811184478,High Burn
2,4,aug,8,sun,7,24.9,5.4,0.0,42,92.0,203.2,664.5,8.1,2.44,1.235471471385307,High Burn
8,6,aug,8,thu,4,27.5,4.9,0.0,27,94.8,222.4,698.6,13.9,746.28,6.616439947564594,High Burn
5,4,aug,8,sun,7,24.1,4.0,0.0,50,93.6,235.1,723.1,10.1,0.0,0.0,Low Burn
2,2,aug,8,thu,4,20.4,2.2,0.0,56,91.6,248.4,753.8,6.3,0.0,0.0,Low Burn
7,5,aug,8,sat,6,26.4,3.6,0.0,33,93.7,231.1,715.1,8.4,0.0,0.0,Low Burn
8,6,aug,8,thu,4,21.3,3.6,0.0,41,90.7,194.1,643.0,6.8,0.0,0.0,Low Burn
9,9,aug,8,fri,5,25.0,4.0,0.0,36,94.8,227.0,706.7,12.0,0.0,0.0,Low Burn
1,2,aug,8,sat,6,25.9,3.1,0.0,32,93.7,231.1,715.1,8.4,0.0,0.0,Low Burn
5,6,aug,8,sun,7,24.3,3.6,0.0,33,91.6,181.3,613.0,7.6,3.63,1.5325568680981427,High Burn
7,4,aug,8,fri,5,23.3,3.1,0.0,34,94.8,227.0,706.7,12.0,0.0,0.0,Low Burn
6,4,aug,8,fri,5,23.3,3.1,0.0,34,94.8,227.0,706.7,12.0,28.74,3.392492941032009,High Burn
2,4,aug,8,sun,7,20.9,2.2,0.0,50,91.6,181.3,613.0,7.6,16.0,2.833213344056216,High Burn
2,2,aug,8,tue,2,27.9,2.2,0.0,27,94.6,212.1,680.9,9.5,0.0,0.0,Low Burn
2,4,aug,8,thu,4,16.6,2.7,0.0,59,91.6,248.4,753.8,6.3,0.0,0.0,Low Burn
8,6,aug,8,thu,4,20.4,2.2,0.0,56,91.6,248.4,753.8,6.3,0.0,0.0,Low Burn
1,3,aug,8,thu,4,26.2,5.8,0.0,34,94.8,222.4,698.6,13.9,0.0,0.0,Low Burn
4,5,aug,8,thu,4,17.4,3.1,0.0,54,89.4,266.2,803.3,5.6,0.0,0.0,Low Burn
7,4,aug,8,mon,1,17.7,4.0,0.0,65,91.5,238.2,730.6,7.5,0.0,0.0,Low Burn
1,4,aug,8,fri,5,11.8,4.9,0.0,88,90.5,196.8,649.9,16.3,9.71,2.3711778844596574,High Burn
4,5,aug,8,wed,3,23.4,5.4,0.0,49,95.2,217.7,690.0,18.0,6.43,2.005525858729668,High Burn
7,4,aug,8,sun,7,19.3,4.9,0.0,61,91.6,181.3,613.0,7.6,0.0,0.0,Low Burn
6,5,aug,8,sun,7,19.1,2.2,0.0,70,92.0,203.2,664.5,8.1,0.0,0.0,Low Burn
5,5,aug,8,sun,7,17.3,4.5,0.0,80,94.0,47.9,100.7,10.7,0.0,0.0,Low Burn
2,4,aug,8,mon,1,27.9,2.2,0.0,33,92.1,207.0,672.6,8.2,2.35,1.208960345836975,High Burn
8,6,aug,8,mon,1,25.5,1.8,0.0,29,92.1,207.0,672.6,8.2,1.23,0.8020015854720274,Low Burn
8,6,aug,8,sat,6,14.2,2.7,0.0,73,89.4,253.6,768.4,9.7,0.0,0.0,Low Burn
8,6,aug,8,mon,1,26.8,1.3,0.0,35,92.1,207.0,672.6,8.2,0.54,0.43178241642553783,Low Burn
1,4,aug,8,fri,5,22.2,3.6,0.0,45,90.6,269.8,811.2,5.5,0.0,0.0,Low Burn
2,4,aug,8,sun,7,20.9,4.9,0.0,66,93.6,235.1,723.1,10.1,15.34,2.7936160894318567,High Burn
8,6,aug,8,thu,4,23.9,6.7,0.0,38,94.8,222.4,698.6,13.9,0.0,0.0,Low Burn
1,3,aug,8,sat,6,23.3,4.0,0.0,40,92.1,178.0,605.3,9.6,6.36,1.9960599327407849,High Burn
3,4,aug,8,sun,7,24.6,4.0,0.0,44,91.6,181.3,613.0,7.6,3.2,1.4350845252893227,High Burn
2,5,aug,8,sat,6,23.6,4.0,0.0,53,93.7,231.1,715.1,8.4,6.43,2.005525858729668,High Burn
2,4,aug,8,wed,3,20.7,2.2,0.0,70,92.2,91.6,503.6,9.6,0.75,0.5596157879354227,Low Burn
3,4,aug,8,sat,6,20.6,0.9,0.0,59,91.8,170.9,692.3,13.7,0.0,0.0,Low Burn
3,4,aug,8,sun,7,26.8,6.3,0.0,38,91.8,175.1,700.7,13.8,0.76,0.5653138090500605,Low Burn
3,4,aug,8,sun,7,11.6,4.5,0.0,87,91.4,142.4,601.4,10.6,0.0,0.0,Low Burn
3,4,aug,8,sun,7,19.8,5.4,0.0,39,91.4,142.4,601.4,10.6,0.0,0.0,Low Burn
3,4,aug,8,sun,7,19.8,5.4,0.0,39,91.4,142.4,601.4,10.6,0.0,0.0,Low Burn
3,4,aug,8,tue,2,14.4,5.4,0.0,66,88.8,147.3,614.5,9.0,0.0,0.0,Low Burn
2,4,aug,8,tue,2,20.1,4.0,0.0,40,94.8,108.3,647.1,17.0,0.0,0.0,Low Burn
4,5,aug,8,sun,7,21.4,3.1,0.0,33,90.2,99.6,631.2,6.3,0.0,0.0,Low Burn
3,4,aug,8,thu,4,19.6,3.1,0.0,36,93.0,75.3,466.6,7.7,0.0,0.0,Low Burn
3,4,aug,8,mon,1,10.3,2.2,0.0,74,91.5,145.4,608.2,10.7,0.0,0.0,Low Burn
3,4,aug,8,mon,1,17.1,5.4,0.0,43,91.5,145.4,608.2,10.7,0.0,0.0,Low Burn
3,5,aug,8,sat,6,17.6,5.8,0.0,52,93.5,139.4,594.2,20.3,0.0,0.0,Low Burn
1,2,aug,8,wed,3,23.3,4.5,0.0,31,95.5,99.9,513.3,13.2,0.55,0.4382549309311553,Low Burn
8,6,aug,8,fri,5,21.2,8.9,0.0,51,90.1,108.0,529.8,12.5,0.61,0.4762341789963716,Low Burn
2,5,aug,8,wed,3,23.8,5.4,0.0,32,95.5,99.9,513.3,13.2,0.77,0.5709795465857378,Low Burn
6,5,aug,8,thu,4,27.4,4.0,0.0,22,95.2,131.7,578.8,10.4,0.9,0.6418538861723948,Low Burn
2,2,aug,8,tue,2,17.4,6.7,0.0,43,94.8,108.3,647.1,17.0,1.07,0.7275486072772778,Low Burn
7,4,aug,8,sun,7,16.4,1.3,0.0,47,94.8,108.3,647.1,17.0,1.56,0.9400072584914712,High Burn
2,2,aug,8,wed,3,18.4,3.6,0.0,45,92.1,111.2,654.1,9.6,1.63,0.9669838461896731,High Burn
2,4,aug,8,wed,3,20.5,4.0,0.0,35,92.1,111.2,654.1,9.6,1.64,0.9707789171582248,High Burn
6,4,aug,8,thu,4,20.3,4.0,0.0,41,95.2,131.7,578.8,10.4,1.9,1.0647107369924282,High Burn
6,5,aug,8,wed,3,16.6,0.9,0.0,47,92.1,111.2,654.1,9.6,2.29,1.1908875647772805,High Burn
6,5,aug,8,wed,3,23.4,4.5,0.0,33,96.0,127.1,570.5,16.5,2.51,1.2556160374777743,High Burn
5,4,aug,8,sun,7,25.7,5.4,0.0,39,91.8,175.1,700.7,13.8,0.09,0.08617769624105233,Low Burn
8,6,aug,8,wed,3,17.4,4.0,0.0,50,85.6,90.4,609.6,6.6,2.69,1.3056264580524357,High Burn
7,4,aug,8,sun,7,20.1,5.4,0.0,39,91.4,142.4,601.4,10.6,2.74,1.3190856114264407,High Burn
1,4,aug,8,sat,6,14.2,1.8,0.0,53,90.2,96.9,624.2,8.9,3.5,1.5040773967762742,High Burn
8,6,aug,8,mon,1,23.4,2.7,0.0,22,91.1,103.2,638.8,5.8,0.0,0.0,Low Burn
1,4,aug,8,sat,6,20.3,4.9,0.0,39,90.2,96.9,624.2,8.9,4.53,1.7101878155342434,High Burn
8,6,aug,8,sun,7,18.2,4.9,0.0,43,91.4,142.4,601.4,10.6,0.0,0.0,Low Burn
6,5,aug,8,sat,6,14.7,5.8,0.0,59,90.2,96.9,624.2,8.9,0.0,0.0,Low Burn
8,6,aug,8,sun,7,22.2,5.4,0.0,29,92.3,85.3,488.0,14.7,0.0,0.0,Low Burn
8,6,aug,8,mon,1,24.1,3.1,0.0,27,92.3,88.9,495.6,8.5,0.0,0.0,Low Burn
8,6,aug,8,mon,1,8.0,2.2,0.0,86,91.5,145.4,608.2,10.7,0.0,0.0,Low Burn
6,5,aug,8,fri,5,17.0,6.7,0.0,72,63.5,70.8,665.3,0.8,0.0,0.0,Low Burn
7,4,aug,8,sat,6,19.5,5.8,0.0,43,90.2,110.9,537.4,6.2,0.0,0.0,Low Burn
7,4,aug,8,sat,6,23.7,5.8,0.0,32,93.5,139.4,594.2,20.3,0.0,0.0,Low Burn
7,4,aug,8,sun,7,16.3,5.4,0.0,60,91.4,142.4,601.4,10.6,0.0,0.0,Low Burn
4,4,aug,8,sat,6,18.4,6.7,0.0,42,90.2,96.9,624.2,8.9,0.0,0.0,Low Burn
4,4,aug,8,tue,2,16.6,5.4,0.0,54,94.8,108.3,647.1,17.0,0.0,0.0,Low Burn
4,3,aug,8,sun,7,21.5,2.2,0.0,34,90.2,99.6,631.2,6.3,0.0,0.0,Low Burn
4,3,aug,8,wed,3,20.4,4.9,0.0,42,92.1,111.2,654.1,9.6,0.0,0.0,Low Burn
4,3,aug,8,wed,3,20.4,4.9,0.0,42,92.1,111.2,654.1,9.6,0.0,0.0,Low Burn
4,3,aug,8,thu,4,17.6,3.6,0.0,45,91.7,114.3,661.3,6.3,0.0,0.0,Low Burn
2,2,aug,8,thu,4,18.8,4.9,0.0,35,93.0,75.3,466.6,7.7,0.0,0.0,Low Burn
2,2,aug,8,sun,7,20.8,2.7,0.0,33,90.2,99.6,631.2,6.3,0.0,0.0,Low Burn
2,2,aug,8,mon,1,23.1,3.1,0.0,31,91.1,103.2,638.8,5.8,0.0,0.0,Low Burn
2,2,aug,8,thu,4,18.6,4.5,0.0,44,91.7,114.3,661.3,6.3,0.0,0.0,Low Burn
5,4,aug,8,tue,2,17.3,4.5,0.0,43,88.8,147.3,614.5,9.0,0.0,0.0,Low Burn
1,2,aug,8,fri,5,14.7,2.7,0.0,66,90.1,108.0,529.8,12.5,0.0,0.0,Low Burn
1,2,aug,8,tue,2,21.6,6.7,0.0,19,91.0,121.2,561.6,7.0,0.0,0.0,Low Burn
1,2,aug,8,sun,7,19.5,6.3,0.0,39,91.4,142.4,601.4,10.6,0.0,0.0,Low Burn
1,2,aug,8,sun,7,17.9,2.2,0.0,44,90.2,99.6,631.2,6.3,0.0,0.0,Low Burn
1,2,aug,8,tue,2,18.6,4.5,0.0,51,94.8,108.3,647.1,17.0,0.0,0.0,Low Burn
1,2,aug,8,wed,3,16.6,0.9,0.0,47,92.1,111.2,654.1,9.6,0.0,0.0,Low Burn
1,2,aug,8,thu,4,20.2,3.6,0.0,45,91.7,114.3,661.3,6.3,0.0,0.0,Low Burn
8,6,aug,8,sun,7,20.8,6.3,0.0,32,92.3,85.3,488.0,14.7,0.0,0.0,Low Burn
2,5,aug,8,sun,7,19.2,2.7,0.0,44,90.2,99.6,631.2,6.3,4.69,1.7387102481382397,High Burn
8,6,aug,8,thu,4,20.7,2.2,0.0,45,95.2,131.7,578.8,10.4,2.55,1.2669476034873244,High Burn
8,6,aug,8,sun,7,16.2,3.1,0.0,59,90.2,99.6,631.2,6.3,32.07,3.4986265269937014,High Burn
8,6,aug,8,fri,5,20.8,4.9,0.0,34,93.9,135.7,586.7,15.1,6.96,2.0744289998562917,High Burn
2,5,aug,8,thu,4,24.2,2.7,0.0,28,95.2,131.7,578.8,10.4,8.68,2.2700619012884857,High Burn
2,2,aug,8,tue,2,24.6,4.5,0.0,22,94.8,108.3,647.1,17.0,8.71,2.2731562823032334,High Burn
8,6,aug,8,sat,6,16.4,4.0,0.0,43,92.2,81.8,480.8,11.9,71.3,4.280824129164719,High Burn
8,6,aug,8,sun,7,19.6,5.8,0.0,41,91.4,142.4,601.4,10.6,196.48,5.285637313390662,High Burn
8,6,aug,8,sat,6,20.1,4.5,0.0,34,92.2,81.8,480.8,11.9,58.3,4.08260930600368,High Burn
2,5,aug,8,fri,5,23.5,5.4,0.0,36,93.9,135.7,586.7,15.1,10.02,2.3997118037247684,High Burn
2,2,aug,8,sat,6,22.9,7.2,0.0,31,93.5,139.4,594.2,20.3,15.45,2.800325477211381,High Burn
2,2,aug,8,tue,2,24.6,4.5,0.0,22,94.8,108.3,647.1,17.0,10.01,2.3988039507345884,High Burn
2,4,aug,8,sun,7,22.4,7.6,0.0,54,91.8,175.1,700.7,13.8,2.87,1.3532545070416904,High Burn
7,4,aug,8,sat,6,5.1,5.8,0.0,96,93.5,139.4,594.2,20.3,26.0,3.295836866004329,High Burn
7,4,aug,8,sun,7,21.9,7.6,1.0,73,91.8,175.1,700.7,13.8,0.0,0.0,Low Burn
2,4,aug,8,sun,7,15.4,4.0,0.0,66,94.2,122.3,589.9,12.9,10.13,2.4096441652874536,High Burn
8,6,aug,8,tue,2,14.4,5.4,0.0,66,88.8,147.3,614.5,9.0,5.23,1.8293763327993617,High Burn
1,2,sep,9,thu,4,25.4,2.2,0.0,27,92.9,137.0,706.4,9.2,0.0,0.0,Low Burn
2,4,sep,9,sat,6,24.1,4.5,0.0,29,92.5,121.1,674.4,8.6,0.0,0.0,Low Burn
4,4,sep,9,sun,7,17.8,1.3,0.0,64,89.7,90.0,704.4,4.8,0.0,0.0,Low Burn
1,3,sep,9,fri,5,19.1,2.2,0.0,46,91.1,91.3,738.1,7.2,0.33,0.2851789422336624,Low Burn
5,4,sep,9,fri,5,16.2,3.6,0.0,58,90.3,290.0,855.3,7.4,0.0,0.0,Low Burn
2,5,sep,9,fri,5,16.2,3.6,0.0,58,90.3,290.0,855.3,7.4,9.96,2.3942522815198695,High Burn
1,2,sep,9,sun,7,25.3,3.6,0.0,36,93.5,149.3,728.6,8.1,0.0,0.0,Low Burn
1,2,sep,9,thu,4,22.4,2.2,0.0,34,92.9,137.0,706.4,9.2,0.0,0.0,Low Burn
4,4,sep,9,sun,7,16.9,1.3,0.0,60,92.4,124.1,680.7,8.5,29.48,3.4170707308184456,High Burn
7,4,sep,9,fri,5,20.1,4.9,0.0,47,94.3,85.1,692.3,15.9,26.13,3.3006401266708405,High Burn
7,4,sep,9,thu,4,19.4,3.6,0.0,45,89.7,287.2,849.3,6.8,0.0,0.0,Low Burn
1,2,sep,9,thu,4,21.5,0.9,0.0,15,92.9,137.0,706.4,9.2,0.0,0.0,Low Burn
7,4,sep,9,wed,3,10.5,4.0,0.0,77,89.7,284.9,844.0,10.1,0.0,0.0,Low Burn
1,3,sep,9,mon,1,12.4,6.3,0.0,73,88.6,91.8,709.9,7.1,30.32,3.4442568711226023,High Burn
4,5,sep,9,sat,6,20.3,3.1,0.0,45,92.5,88.0,698.6,7.1,0.0,0.0,Low Burn
1,4,sep,9,sun,7,19.0,2.2,0.0,52,89.6,84.1,714.3,5.7,0.0,0.0,Low Burn
3,4,sep,9,sun,7,22.8,3.6,0.0,39,89.7,90.0,704.4,4.8,0.0,0.0,Low Burn
2,4,sep,9,wed,3,21.8,2.2,0.0,34,87.9,84.8,725.1,3.7,6.04,1.951608170169951,High Burn
6,5,sep,9,sat,6,17.0,4.9,0.0,67,87.1,291.3,860.6,4.0,3.95,1.599387576580599,High Burn
4,5,sep,9,thu,4,22.1,1.8,0.0,34,92.9,137.0,706.4,9.2,14.57,2.745345985845907,High Burn
4,3,sep,9,fri,5,19.9,3.1,0.0,44,90.3,290.0,855.3,7.4,7.8,2.174751721484161,High Burn
2,5,sep,9,mon,1,21.9,1.8,0.0,39,90.9,126.5,686.5,7.0,0.47,0.3852624007906449,Low Burn
3,6,sep,9,mon,1,15.6,3.1,0.0,66,90.9,126.5,686.5,7.0,0.0,0.0,Low Burn
3,6,sep,9,sun,7,17.2,1.3,0.0,58,92.4,124.1,680.7,8.5,0.0,0.0,Low Burn
4,6,sep,9,thu,4,17.6,3.1,0.0,42,93.7,80.9,685.2,17.9,0.0,0.0,Low Burn
3,5,sep,9,fri,5,17.2,3.1,0.0,43,93.5,149.3,728.6,8.1,0.0,0.0,Low Burn
3,4,sep,9,fri,5,19.8,5.4,0.0,50,94.3,85.1,692.3,15.9,0.0,0.0,Low Burn
3,4,sep,9,tue,2,17.9,3.1,0.0,45,84.4,73.4,671.9,3.2,0.0,0.0,Low Burn
3,4,sep,9,sun,7,22.5,5.4,0.0,42,92.4,124.1,680.7,8.5,0.0,0.0,Low Burn
7,5,sep,9,tue,2,20.7,2.2,0.0,37,91.0,129.5,692.6,7.0,17.2,2.9014215940827497,High Burn
1,3,sep,9,sat,6,22.3,4.0,0.0,48,91.2,94.3,744.4,8.4,0.72,0.5423242908253617,Low Burn
4,5,sep,9,wed,3,19.4,1.3,0.0,19,92.9,133.3,699.6,9.2,31.72,3.487986511734546,High Burn
8,3,sep,9,thu,4,23.2,4.9,0.0,26,93.7,80.9,685.2,17.9,23.41,3.1949928844048685,High Burn
3,4,sep,9,mon,1,18.9,2.7,0.0,35,91.8,78.5,724.3,9.2,0.0,0.0,Low Burn
4,5,sep,9,mon,1,17.4,5.4,0.0,56,88.6,91.8,709.9,7.1,0.0,0.0,Low Burn
6,5,sep,9,fri,5,19.6,6.3,0.0,33,92.4,117.9,668.0,12.2,19.23,3.007166651179654,High Burn
7,4,sep,9,wed,3,15.4,4.5,0.0,57,90.1,82.9,735.7,6.2,37.71,3.6560979645895566,High Burn
5,4,sep,9,fri,5,27.6,1.3,0.0,30,93.3,141.2,713.9,13.9,0.0,0.0,Low Burn
6,3,sep,9,fri,5,20.6,1.8,0.0,37,88.6,69.7,706.8,5.8,0.0,0.0,Low Burn
6,3,sep,9,mon,1,11.2,7.6,0.0,78,88.6,91.8,709.9,7.1,0.0,0.0,Low Burn
6,3,sep,9,fri,5,25.4,3.6,0.0,24,94.3,85.1,692.3,15.9,0.0,0.0,Low Burn
6,3,sep,9,sun,7,22.8,3.6,0.0,39,93.5,149.3,728.6,8.1,0.0,0.0,Low Burn
6,3,sep,9,sat,6,30.2,2.7,0.0,24,93.4,145.4,721.4,8.1,0.0,0.0,Low Burn
7,4,sep,9,mon,1,19.4,1.3,0.0,48,90.9,126.5,686.5,7.0,0.0,0.0,Low Burn
7,4,sep,9,fri,5,19.0,5.8,0.0,34,92.4,117.9,668.0,12.2,0.0,0.0,Low Burn
2,2,sep,9,sat,6,18.2,1.8,0.0,46,92.5,121.1,674.4,8.6,200.94,5.307970623576175,High Burn
1,2,sep,9,tue,2,18.8,2.2,0.0,40,91.0,129.5,692.6,7.0,212.88,5.365415110080531,High Burn
5,4,sep,9,mon,1,19.1,2.7,0.0,38,91.8,78.5,724.3,9.2,0.0,0.0,Low Burn
6,4,sep,9,tue,2,18.3,2.7,0.0,40,91.0,129.5,692.6,7.0,0.0,0.0,Low Burn
6,5,sep,9,fri,5,22.9,5.4,0.0,44,93.3,141.2,713.9,13.9,0.0,0.0,Low Burn
6,5,sep,9,wed,3,26.4,4.5,0.0,21,92.9,133.3,699.6,9.2,0.0,0.0,Low Burn
6,5,sep,9,mon,1,21.3,2.2,0.0,42,90.9,126.5,686.5,7.0,0.0,0.0,Low Burn
6,5,sep,9,sat,6,25.1,4.0,0.0,27,92.5,121.1,674.4,8.6,1090.84,6.995619625423205,High Burn
7,5,sep,9,sat,6,19.3,4.0,0.0,38,92.8,73.2,713.0,22.6,0.0,0.0,Low Burn
7,5,sep,9,sat,6,17.8,7.2,0.0,51,92.5,88.0,698.6,7.1,0.0,0.0,Low Burn
7,5,sep,9,sat,6,22.8,4.0,0.0,40,92.5,88.0,698.6,7.1,0.0,0.0,Low Burn
8,6,sep,9,tue,2,13.1,5.4,0.0,63,91.0,129.5,692.6,7.0,0.0,0.0,Low Burn
6,3,sep,9,sun,7,17.7,3.6,0.0,39,91.7,75.6,718.3,7.8,0.0,0.0,Low Burn
3,4,sep,9,fri,5,18.6,3.6,0.0,49,93.3,141.2,713.9,13.9,35.88,3.607669398688393,High Burn
6,3,sep,9,mon,1,21.2,2.7,0.0,32,91.8,78.5,724.3,9.2,0.0,0.0,Low Burn
4,5,sep,9,sat,6,17.7,3.1,0.0,25,92.5,121.1,674.4,8.6,154.88,5.049086480470509,High Burn
1,5,sep,9,tue,2,21.6,2.2,0.0,33,91.0,129.5,692.6,7.0,11.53,2.528125768907977,High Burn
4,5,sep,9,fri,5,17.7,3.6,0.0,37,94.3,85.1,692.3,15.9,0.0,0.0,Low Burn
2,2,sep,9,fri,5,19.6,6.3,0.0,33,92.4,117.9,668.0,12.2,0.0,0.0,Low Burn
1,4,sep,9,sun,7,14.5,7.6,0.0,76,91.0,276.3,825.1,7.1,3.71,1.5496879080283263,High Burn
2,2,sep,9,fri,5,19.6,5.4,0.0,33,92.4,117.9,668.0,12.2,0.0,0.0,Low Burn
2,2,sep,9,fri,5,23.0,4.5,0.0,37,92.4,117.9,668.0,12.2,0.0,0.0,Low Burn
4,4,sep,9,sun,7,22.9,4.9,0.0,39,93.5,149.3,728.6,8.1,48.55,3.902982260775997,High Burn
4,6,sep,9,sun,7,28.3,3.1,0.0,26,93.5,149.3,728.6,8.1,64.1,4.175924549214524,High Burn
4,3,sep,9,tue,2,17.8,4.9,0.0,63,90.3,80.7,730.2,6.3,0.0,0.0,Low Burn
4,3,sep,9,thu,4,27.7,2.2,0.0,24,92.9,137.0,706.4,9.2,0.0,0.0,Low Burn
4,4,sep,9,wed,3,26.4,4.5,0.0,21,92.9,133.3,699.6,9.2,88.49,4.494126887194767,High Burn
1,5,sep,9,sun,7,27.8,3.1,0.0,27,93.5,149.3,728.6,8.1,95.18,4.566221435849517,High Burn
6,4,sep,9,tue,2,18.7,2.7,0.0,43,91.0,129.5,692.6,7.0,103.39,4.648133885420207,High Burn
4,4,sep,9,thu,4,20.8,1.3,0.0,17,92.9,137.0,706.4,9.2,0.0,0.0,Low Burn
5,6,sep,9,mon,1,14.7,3.6,0.0,70,90.9,126.5,686.5,7.0,0.0,0.0,Low Burn
5,6,sep,9,wed,3,25.9,4.0,0.0,24,94.3,85.1,692.3,15.9,0.0,0.0,Low Burn
4,4,sep,9,wed,3,12.9,4.9,0.0,74,90.1,82.9,735.7,6.2,0.0,0.0,Low Burn
4,4,sep,9,sat,6,19.6,2.7,0.0,48,92.5,88.0,698.6,7.1,0.0,0.0,Low Burn
9,4,sep,9,tue,2,24.3,3.1,0.0,36,84.4,73.4,671.9,3.2,105.66,4.669646205172456,High Burn
6,3,sep,9,tue,2,18.2,4.5,0.0,62,90.3,80.7,730.2,6.3,0.0,0.0,Low Burn
2,4,sep,9,mon,1,22.6,3.6,0.0,38,63.5,70.8,665.3,0.8,11.32,2.511223958105374,High Burn
1,4,sep,9,tue,2,21.7,2.2,0.0,38,91.0,129.5,692.6,7.0,0.43,0.35767444427181594,Low Burn
8,3,sep,9,tue,2,24.2,3.6,0.0,28,84.4,73.4,671.9,3.2,0.96,0.6729444732424258,Low Burn
1,4,sep,9,mon,1,18.1,3.1,0.0,54,92.1,87.7,721.1,9.5,2.13,1.1410330045520618,High Burn
2,3,sep,9,mon,1,18.0,5.4,0.0,51,91.6,108.4,764.0,6.2,0.0,0.0,Low Burn
4,3,sep,9,mon,1,9.8,1.8,0.0,86,91.6,108.4,764.0,6.2,0.0,0.0,Low Burn
7,4,sep,9,mon,1,19.3,2.2,0.0,44,91.6,108.4,764.0,6.2,0.0,0.0,Low Burn
6,3,sep,9,mon,1,23.0,2.2,0.0,34,91.6,108.4,764.0,6.2,56.04,4.04375277610604,High Burn
8,6,sep,9,mon,1,22.7,2.2,0.0,35,91.6,108.4,764.0,6.2,7.48,2.1377104498038118,High Burn
2,4,sep,9,mon,1,20.4,1.8,0.0,41,91.6,108.4,764.0,6.2,1.47,0.9042181506398859,High Burn
2,5,sep,9,mon,1,19.3,2.2,0.0,44,91.6,108.4,764.0,6.2,3.93,1.5953389880545987,High Burn
8,6,sep,9,mon,1,15.7,2.2,0.0,51,91.9,111.7,770.3,6.5,0.0,0.0,Low Burn
6,3,sep,9,mon,1,20.6,1.8,0.0,37,91.5,130.1,807.1,7.5,0.0,0.0,Low Burn
4,4,sep,9,sat,6,17.1,2.2,0.0,41,91.2,124.4,795.3,8.5,11.22,2.503073953743449,High Burn
8,6,sep,9,mon,1,15.9,4.5,0.0,51,91.5,130.1,807.1,7.5,2.18,1.1568811967920856,High Burn
2,2,sep,9,mon,1,16.8,3.1,0.0,43,91.5,130.1,807.1,7.5,5.83,1.9213246735826988,High Burn
1,4,sep,9,mon,1,21.3,2.2,0.0,35,91.5,130.1,807.1,7.5,28.19,3.3738261848660236,High Burn
5,4,sep,9,fri,5,10.1,3.6,0.0,75,92.1,99.0,745.3,9.6,0.0,0.0,Low Burn
3,4,sep,9,fri,5,17.4,4.5,0.0,57,92.1,99.0,745.3,9.6,0.0,0.0,Low Burn
5,4,sep,9,fri,5,12.8,3.6,0.0,64,92.1,99.0,745.3,9.6,1.64,0.9707789171582248,High Burn
5,4,sep,9,fri,5,10.1,3.6,0.0,75,92.1,99.0,745.3,9.6,3.71,1.5496879080283263,High Burn
4,4,sep,9,fri,5,15.4,6.3,0.0,53,92.1,99.0,745.3,9.6,7.31,2.1174596088673567,High Burn
7,4,sep,9,fri,5,20.6,3.6,0.0,43,92.1,99.0,745.3,9.6,2.03,1.1085626195212777,High Burn
3,4,sep,9,thu,4,22.8,4.0,0.0,46,91.1,88.2,731.7,8.3,4.95,1.7833912195575383,High Burn
7,4,sep,9,fri,5,18.7,2.2,0.0,50,92.1,99.0,745.3,9.6,5.97,1.9416152247724325,High Burn
6,3,sep,9,mon,1,12.2,4.9,0.0,66,91.5,130.1,807.1,7.5,6.1,1.9600947840472698,High Burn
7,4,sep,9,sat,6,21.5,4.5,0.0,28,91.2,124.4,795.3,8.5,15.64,2.8118094353930627,High Burn
3,3,sep,9,sat,6,24.2,3.1,0.0,27,92.2,102.3,751.5,8.4,6.58,2.0255131996542803,High Burn
4,3,sep,9,sat,6,23.5,4.0,0.0,27,92.2,102.3,751.5,8.4,3.33,1.4655675420143985,High Burn
7,4,sep,9,sun,7,17.1,5.4,0.0,53,89.6,84.1,714.3,5.7,0.41,0.3435897043900769,Low Burn
3,4,sep,9,sun,7,23.8,3.6,0.0,35,89.6,84.1,714.3,5.7,5.18,1.8213182714695995,High Burn
2,4,sep,9,sun,7,16.0,1.8,0.0,45,92.4,105.8,758.1,9.9,0.0,0.0,Low Burn
2,4,sep,9,sun,7,24.9,2.2,0.0,27,92.4,105.8,758.1,9.9,0.0,0.0,Low Burn
7,4,sep,9,sun,7,25.3,2.7,0.0,27,92.4,105.8,758.1,9.9,0.0,0.0,Low Burn
6,3,sep,9,sun,7,24.8,1.8,0.0,28,92.4,105.8,758.1,9.9,14.29,2.727199019940971,High Burn
2,4,sep,9,sun,7,12.2,6.3,0.0,78,50.4,46.2,706.6,0.4,0.0,0.0,Low Burn
6,5,sep,9,wed,3,24.3,4.9,0.0,27,92.6,115.4,777.1,8.8,0.0,0.0,Low Burn
4,4,sep,9,wed,3,19.7,1.8,0.0,41,92.6,115.4,777.1,8.8,1.58,0.9477893989335261,High Burn
3,4,sep,9,wed,3,18.5,2.7,0.0,30,91.2,134.7,817.5,7.2,0.0,0.0,Low Burn
4,5,sep,9,thu,4,18.6,5.8,0.0,24,92.4,96.2,739.4,8.6,0.0,0.0,Low Burn
4,4,sep,9,thu,4,19.2,4.9,0.0,24,92.4,96.2,739.4,8.6,3.78,1.5644405465033644,High Burn
6,5,sep,9,thu,4,21.6,2.2,0.0,27,92.8,119.0,783.5,7.5,0.0,0.0,Low Burn
5,4,sep,9,thu,4,21.6,6.3,0.0,28,92.8,119.0,783.5,7.5,4.41,1.6882490928583902,High Burn
6,3,sep,9,thu,4,18.9,7.2,0.0,34,92.8,119.0,783.5,7.5,34.36,3.5655812377694427,High Burn
1,4,sep,9,thu,4,16.8,4.0,0.0,28,92.8,119.0,783.5,7.5,7.21,2.105352923464337,High Burn
6,5,sep,9,thu,4,16.8,4.0,0.0,28,92.8,119.0,783.5,7.5,1.01,0.6981347220709844,Low Burn
3,5,sep,9,thu,4,12.9,2.7,0.0,39,90.7,136.9,822.8,6.8,2.18,1.1568811967920856,High Burn
6,5,sep,9,thu,4,13.7,1.8,0.0,56,88.1,53.3,726.9,5.4,4.42,1.6900958154515549,High Burn
1,4,sep,9,sat,6,24.2,3.1,0.0,27,92.2,102.3,751.5,8.4,0.0,0.0,Low Burn
5,4,sep,9,sat,6,24.1,3.1,0.0,27,92.2,102.3,751.5,8.4,0.0,0.0,Low Burn
6,5,sep,9,sat,6,21.2,2.2,0.0,32,92.2,102.3,751.5,8.4,0.0,0.0,Low Burn
6,5,sep,9,sat,6,19.7,1.8,0.0,35,92.2,102.3,751.5,8.4,0.0,0.0,Low Burn
4,4,sep,9,fri,5,20.8,4.9,0.0,35,92.1,99.0,745.3,9.6,13.06,2.643333886382519,High Burn
4,4,sep,9,fri,5,20.8,4.9,0.0,35,92.1,99.0,745.3,9.6,1.26,0.8153648132841945,Low Burn
7,4,sep,9,fri,5,19.8,2.7,0.0,47,92.1,99.0,745.3,9.6,1.72,1.000631880307906,High Burn
6,3,sep,9,fri,5,19.7,2.7,0.0,39,92.5,122.0,789.7,10.2,0.0,0.0,Low Burn
4,5,sep,9,thu,4,21.5,0.9,0.0,15,92.9,137.0,706.4,9.2,11.06,2.4898941912990393,High Burn
2,4,sep,9,sat,6,28.6,2.2,0.0,27,93.4,145.4,721.4,8.1,1.61,0.959350221334602,High Burn
1,3,sep,9,sun,7,21.9,4.0,0.0,43,91.0,276.3,825.1,7.1,70.76,4.27332721775054,High Burn
2,5,sep,9,wed,3,18.3,2.2,0.0,45,90.1,82.9,735.7,6.2,4.88,1.7715567619105355,High Burn
8,6,sep,9,fri,5,20.7,2.7,0.0,46,91.1,91.3,738.1,7.2,30.18,3.4397768636296306,High Burn
1,3,sep,9,sun,7,23.9,6.7,0.0,32,92.4,124.1,680.7,8.5,5.33,1.8453002361560848,High Burn
7,4,sep,9,fri,5,19.0,5.8,0.0,34,92.4,117.9,668.0,12.2,1.69,0.9895411936137477,High Burn
3,4,sep,9,sun,7,20.6,5.4,0.0,55,90.5,96.7,750.5,11.4,24.59,3.2422016501716975,High Burn
6,3,sep,9,fri,5,15.9,3.6,0.0,55,92.5,122.0,789.7,10.2,0.0,0.0,Low Burn
6,5,sep,9,sat,6,15.4,4.9,0.0,57,91.2,94.3,744.4,8.4,39.35,3.6975913947159578,High Burn
4,4,sep,9,mon,1,17.7,2.2,0.0,39,90.9,126.5,686.5,7.0,3.07,1.4036429994545037,High Burn
2,5,sep,9,tue,2,17.6,3.1,0.0,46,91.0,129.5,692.6,7.0,7.04,2.0844290831908747,High Burn
5,4,sep,9,wed,3,21.9,1.8,0.0,35,92.9,133.3,699.6,9.2,2.57,1.2725655957915476,High Burn
1,5,sep,9,mon,1,21.0,2.2,0.0,42,90.9,126.5,686.5,7.0,7.3,2.1162555148025524,High Burn
8,5,sep,9,sun,7,17.8,2.2,0.0,67,89.7,90.0,704.4,4.8,2.01,1.1019400787607843,High Burn
8,6,sep,9,sat,6,17.8,1.8,0.0,56,92.5,121.1,674.4,8.6,1.95,1.0818051703517284,High Burn
6,5,sep,9,fri,5,10.3,4.0,0.0,78,90.3,290.0,855.3,7.4,18.3,2.9601050959108397,High Burn
4,3,sep,9,sun,7,20.4,4.9,0.0,55,90.5,96.7,750.5,11.4,3.64,1.534714366238164,High Burn
1,5,sep,9,sat,6,29.6,2.7,0.0,27,93.4,145.4,721.4,8.1,1.46,0.9001613499442714,High Burn
4,5,sep,9,sun,7,13.8,7.6,0.0,77,91.0,276.3,825.1,7.1,0.0,0.0,Low Burn
1,4,sep,9,fri,5,21.1,2.2,0.0,39,92.5,122.0,789.7,10.2,8.12,2.21046980408624,High Burn
6,5,sep,9,fri,5,18.4,2.2,0.0,42,92.5,122.0,789.7,10.2,1.09,0.7371640659767197,Low Burn
4,3,sep,9,fri,5,17.3,4.0,0.0,45,92.5,122.0,789.7,10.2,3.94,1.597365331199831,High Burn
7,4,sep,9,fri,5,15.2,3.1,0.0,64,88.2,55.2,732.3,11.6,0.52,0.41871033485818504,Low Burn
4,3,sep,9,tue,2,15.9,2.2,0.0,53,91.9,111.7,770.3,6.5,2.93,1.3686394258811698,High Burn
6,5,sep,9,tue,2,21.1,2.7,0.0,35,91.9,111.7,770.3,6.5,5.65,1.8946168546677629,High Burn
6,5,sep,9,tue,2,19.6,3.1,0.0,45,91.9,111.7,770.3,6.5,20.03,3.0459499897146083,High Burn
4,5,sep,9,tue,2,15.9,5.4,0.0,38,91.1,132.3,812.1,12.5,1.75,1.0116009116784799,High Burn
7,4,sep,9,sun,7,13.8,7.6,0.0,77,91.0,276.3,825.1,7.1,11.06,2.4898941912990393,High Burn
4,5,sep,9,wed,3,24.3,4.0,0.0,25,92.9,133.3,699.6,9.2,9.41,2.3427668826268775,High Burn
4,5,sep,9,tue,2,16.4,3.6,0.0,27,91.1,132.3,812.1,12.5,0.0,0.0,Low Burn
3,4,sep,9,tue,2,13.9,6.3,0.0,59,91.0,129.5,692.6,7.0,11.24,2.50470927708418,High Burn
8,6,sep,9,thu,4,23.7,4.5,0.0,25,93.7,80.9,685.2,17.9,1.12,0.7514160886839212,Low Burn
5,4,sep,9,fri,5,20.1,4.9,0.0,47,94.3,85.1,692.3,15.9,1.46,0.9001613499442714,High Burn
6,5,sep,9,sat,6,16.8,4.9,0.0,47,91.2,94.3,744.4,8.4,12.64,2.613006652415316,High Burn
8,5,oct,10,mon,1,16.7,4.9,0.0,47,84.9,32.8,664.2,3.0,0.0,0.0,Low Burn
7,4,oct,10,sat,6,14.6,1.3,0.0,33,90.6,43.7,686.9,6.7,0.0,0.0,Low Burn
3,5,oct,10,wed,3,15.9,3.6,0.0,46,91.4,37.9,673.8,5.2,0.0,0.0,Low Burn
8,6,oct,10,wed,3,20.2,2.7,0.0,37,91.4,37.9,673.8,5.2,13.7,2.6878474937846906,High Burn
2,5,oct,10,sun,7,15.4,0.9,0.0,35,92.6,46.5,691.8,8.8,0.0,0.0,Low Burn
7,4,oct,10,tue,2,18.0,0.9,0.0,33,90.6,35.4,669.1,6.7,0.0,0.0,Low Burn
8,6,oct,10,mon,1,19.1,4.0,0.0,32,84.9,32.8,664.2,3.0,5.44,1.8625285401162623,High Burn
7,4,oct,10,mon,1,16.8,4.5,0.0,45,91.7,48.5,696.1,11.1,6.83,2.057962510002712,High Burn
6,3,oct,10,tue,2,21.7,4.5,0.0,24,90.6,35.4,669.1,6.7,0.0,0.0,Low Burn
7,4,oct,10,fri,5,11.3,5.4,0.0,60,90.0,41.5,682.6,8.7,0.0,0.0,Low Burn
7,3,oct,10,sat,6,17.8,4.0,0.0,27,90.6,43.7,686.9,6.7,0.0,0.0,Low Burn
4,4,oct,10,sat,6,18.4,3.1,0.0,25,90.6,43.7,686.9,6.7,24.23,3.2280337626529665,High Burn
7,5,oct,10,mon,1,16.1,4.0,0.0,44,91.7,48.5,696.1,11.1,49.37,3.9193957597575593,High Burn
4,3,oct,10,sun,7,13.8,2.7,0.0,50,92.6,46.5,691.8,8.8,0.0,0.0,Low Burn
3,4,oct,10,sun,7,20.6,5.4,0.0,24,92.6,46.5,691.8,8.8,0.0,0.0,Low Burn
6,3,nov,11,tue,2,11.8,4.5,0.0,31,79.5,3.0,106.7,1.1,0.0,0.0,Low Burn
3,4,dec,12,mon,1,4.6,8.5,0.0,21,85.4,25.4,349.7,2.6,10.73,2.462149662665384,High Burn
4,4,dec,12,mon,1,4.6,8.5,0.0,21,85.4,25.4,349.7,2.6,17.85,2.93651291389402,High Burn
4,6,dec,12,thu,4,5.1,4.9,0.0,61,84.6,26.4,352.0,2.0,5.38,1.8531680973566984,High Burn
4,6,dec,12,fri,5,2.2,4.9,0.0,59,84.7,26.7,352.6,4.1,9.27,2.329227023940467,High Burn
8,6,dec,12,wed,3,5.1,8.0,0.0,61,84.0,27.8,354.6,5.3,11.19,2.5006159434931803,High Burn
6,5,dec,12,tue,2,5.1,8.5,0.0,24,85.4,25.4,349.7,2.6,24.77,3.2492110246642736,High Burn
4,6,dec,12,sun,7,4.8,8.5,0.0,57,84.4,27.2,353.5,6.8,8.98,2.300583090323373,High Burn
4,4,dec,12,mon,1,4.6,8.5,0.0,21,85.4,25.4,349.7,2.6,9.77,2.3767644911682972,High Burn
4,4,dec,12,mon,1,4.6,8.5,0.0,21,85.4,25.4,349.7,2.6,22.03,3.136797713832594,High Burn
